{
    "vertices": [
        {
            "name": "GGG",
            "x": -7.178651809692383,
            "y": 0.03594765067100525
        },
        {
            "name": "WWW",
            "x": -7.556921482086182,
            "y": 0.8729698657989502
        },
        {
            "name": "PPP",
            "x": -8.571005821228028,
            "y": -0.5113359689712524
        }
    ]
}