{
    "vertices": [
        {
            "name": "A",
            "x": -5.195578575134277,
            "y": 0.10762691497802735
        },
        {
            "name": "B",
            "x": -7.366032600402832,
            "y": -1.312827706336975
        },
        {
            "name": "C",
            "x": -3.7183053493499758,
            "y": -1.312827706336975
        },
        {
            "name": "D",
            "x": -5.1842145919799809,
            "y": -2.619645833969116
        }
    ]
}